id,name,email,password,salary,position,hire_date,manager_id,company_id,status
100,Alex Morgan,alex.morgan@techvision.com,SecurePass123!,95000.00,Senior Software Engineer,2020-01-15,1,1,Active
101,Sophie Turner,sophie.turner@techvision.com,SecurePass123!,85000.00,Software Engineer,2021-03-22,1,1,Active
102,Lucas Bennett,lucas.bennett@techvision.com,SecurePass123!,78000.00,Frontend Developer,2021-06-10,1,1,Active
103,Emma Collins,emma.collins@techvision.com,SecurePass123!,92000.00,DevOps Engineer,2020-09-01,1,1,Active
104,Oliver Hayes,oliver.hayes@techvision.com,SecurePass123!,88000.00,Backend Developer,2021-01-20,1,1,Active
105,Ava Mitchell,ava.mitchell@techvision.com,SecurePass123!,72000.00,Product Manager,2022-02-15,2,1,Active
106,Noah Foster,noah.foster@techvision.com,SecurePass123!,68000.00,UX Designer,2022-05-01,2,1,Active
107,Isabella Gray,isabella.gray@techvision.com,SecurePass123!,75000.00,Business Analyst,2021-11-10,2,1,Active
108,Liam Hughes,liam.hughes@techvision.com,SecurePass123!,65000.00,HR Coordinator,2022-08-15,3,1,Active
109,Mia Richardson,mia.richardson@techvision.com,SecurePass123!,62000.00,Recruiter,2023-01-05,3,1,Active
110,Ethan Cooper,ethan.cooper@globalfinance.com,SecurePass123!,105000.00,Senior Financial Analyst,2019-03-10,5,2,Active
111,Charlotte Bell,charlotte.bell@globalfinance.com,SecurePass123!,98000.00,Financial Analyst,2020-07-15,5,2,Active
112,Mason Ward,mason.ward@globalfinance.com,SecurePass123!,87000.00,Accountant,2021-02-20,5,2,Active
113,Amelia Ross,amelia.ross@globalfinance.com,SecurePass123!,92000.00,Investment Analyst,2020-11-05,5,2,Active
114,Jackson Peterson,jackson.peterson@globalfinance.com,SecurePass123!,115000.00,Risk Manager,2019-09-12,4,2,Active
115,Harper Coleman,harper.coleman@globalfinance.com,SecurePass123!,88000.00,Operations Coordinator,2021-04-18,4,2,Active
116,Elijah Murphy,elijah.murphy@globalfinance.com,SecurePass123!,79000.00,Compliance Analyst,2022-01-30,6,2,Active
117,Scarlett Jenkins,scarlett.jenkins@globalfinance.com,SecurePass123!,83000.00,Audit Specialist,2021-08-22,6,2,Active
118,Logan Perry,logan.perry@healthcare.com,SecurePass123!,95000.00,Registered Nurse,2020-05-15,7,3,Active
119,Chloe Powell,chloe.powell@healthcare.com,SecurePass123!,87000.00,Medical Technician,2021-03-08,7,3,Active
120,Jackson Long,jackson.long@healthcare.com,SecurePass123!,92000.00,Lab Supervisor,2020-10-12,7,3,Active
121,Grace Barnes,grace.barnes@healthcare.com,SecurePass123!,78000.00,Patient Care Coordinator,2022-01-20,8,3,Active
122,Aiden Ross,aiden.ross@healthcare.com,SecurePass123!,82000.00,Administrative Assistant,2021-07-15,8,3,Active
123,Lily Henderson,lily.henderson@edutech.com,SecurePass123!,68000.00,Curriculum Developer,2021-09-01,9,4,Active
124,Carter Coleman,carter.coleman@edutech.com,SecurePass123!,72000.00,Instructional Designer,2021-11-15,9,4,Active
125,Zoe Jenkins,zoe.jenkins@edutech.com,SecurePass123!,75000.00,Educational Consultant,2022-02-10,9,4,Active
126,Lincoln Perry,lincoln.perry@edutech.com,SecurePass123!,65000.00,Systems Administrator,2022-06-01,10,4,Active
127,Hannah Powell,hannah.powell@edutech.com,SecurePass123!,70000.00,Technical Support Specialist,2022-03-15,10,4,Active
128,Jack Long,jack.long@greenenergy.com,SecurePass123!,88000.00,Energy Engineer,2020-04-20,11,5,Active
129,Aria Barnes,aria.barnes@greenenergy.com,SecurePass123!,82000.00,Solar Installation Specialist,2021-01-10,11,5,Active
130,Sebastian Ross,sebastian.ross@greenenergy.com,SecurePass123!,92000.00,Project Manager,2020-08-05,11,5,Active
131,Layla Henderson,layla.henderson@greenenergy.com,SecurePass123!,78000.00,Research Scientist,2021-11-20,12,5,Active
132,Gabriel Coleman,gabriel.coleman@greenenergy.com,SecurePass123!,75000.00,Lab Technician,2022-02-28,12,5,Active
133,Penelope Jenkins,penelope.jenkins@retaildynamics.com,SecurePass123!,55000.00,Store Manager,2021-05-15,13,6,Active
134,Henry Perry,henry.perry@retaildynamics.com,SecurePass123!,48000.00,Assistant Manager,2022-01-10,13,6,Active
135,Victoria Powell,victoria.powell@retaildynamics.com,SecurePass123!,45000.00,Sales Associate,2022-08-01,13,6,Active
136,Owen Long,owen.long@retaildynamics.com,SecurePass123!,72000.00,Supply Chain Analyst,2021-03-22,14,6,Active
137,Addison Barnes,addison.barnes@retaildynamics.com,SecurePass123!,68000.00,Inventory Coordinator,2021-09-15,14,6,Active
138,Wyatt Ross,wyatt.ross@mfgpro.com,SecurePass123!,65000.00,Production Supervisor,2020-06-10,15,7,Active
139,Eleanor Henderson,eleanor.henderson@mfgpro.com,SecurePass123!,62000.00,Manufacturing Technician,2021-02-15,15,7,Active
140,Leo Coleman,leo.coleman@mfgpro.com,SecurePass123!,58000.00,Machine Operator,2021-10-20,15,7,Active
141,Nora Jenkins,nora.jenkins@mfgpro.com,SecurePass123!,70000.00,Quality Control Specialist,2020-12-05,16,7,Active
142,Isaiah Perry,isaiah.perry@mfgpro.com,SecurePass123!,68000.00,QA Analyst,2021-07-18,16,7,Active
143,Stella Powell,stella.powell@consultingllc.com,SecurePass123!,85000.00,Senior Consultant,2020-03-15,17,8,Active
144,Nathan Long,nathan.long@consultingllc.com,SecurePass123!,75000.00,Business Consultant,2021-01-20,17,8,Active
145,Hazel Barnes,hazel.barnes@consultingllc.com,SecurePass123!,72000.00,Strategy Analyst,2021-09-10,17,8,Active
146,Caleb Ross,caleb.ross@consultingllc.com,SecurePass123!,68000.00,Client Success Manager,2022-02-15,18,8,Active
147,Violet Henderson,violet.henderson@consultingllc.com,SecurePass123!,65000.00,Account Coordinator,2022-06-01,18,8,Active
148,Mateo Coleman,mateo.coleman@mediasolutions.com,SecurePass123!,70000.00,Content Writer,2021-04-10,19,9,Active
149,Aurora Jenkins,aurora.jenkins@mediasolutions.com,SecurePass123!,68000.00,Video Editor,2021-08-15,19,9,Active
150,Ezra Perry,ezra.perry@mediasolutions.com,SecurePass123!,72000.00,Graphic Designer,2021-11-20,19,9,Active
151,Claire Powell,claire.powell@mediasolutions.com,SecurePass123!,75000.00,Social Media Manager,2021-02-05,20,9,Active
152,Adrian Long,adrian.long@mediasolutions.com,SecurePass123!,73000.00,Digital Marketing Specialist,2021-10-12,20,9,Active
153,Alice Barnes,alice.barnes@legalassoc.com,SecurePass123!,95000.00,Associate Attorney,2020-05-15,21,10,Active
154,Evan Ross,evan.ross@legalassoc.com,SecurePass123!,88000.00,Legal Assistant,2021-01-20,21,10,Active
155,Ruby Henderson,ruby.henderson@legalassoc.com,SecurePass123!,92000.00,Paralegal,2020-09-10,21,10,Active
156,Ian Coleman,ian.coleman@legalassoc.com,SecurePass123!,85000.00,Litigation Support Specialist,2021-06-15,22,10,Active
157,Violet Jenkins,violet.jenkins@legalassoc.com,SecurePass123!,82000.00,Case Manager,2021-11-01,22,10,Active
158,Miles Perry,miles.perry@realestate.com,SecurePass123!,68000.00,Real Estate Agent,2021-03-20,23,11,Active
159,Ivy Powell,ivy.powell@realestate.com,SecurePass123!,72000.00,Property Manager,2021-07-15,23,11,Active
160,Cole Long,cole.long@realestate.com,SecurePass123!,75000.00,Commercial Broker,2020-11-10,23,11,Active
161,Paisley Barnes,paisley.barnes@realestate.com,SecurePass123!,65000.00,Leasing Consultant,2022-02-15,24,11,Active
162,Axel Ross,axel.ross@realestate.com,SecurePass123!,70000.00,Real Estate Analyst,2021-09-20,24,11,Active
163,Sienna Henderson,sienna.henderson@foodservices.com,SecurePass123!,52000.00,Sous Chef,2021-05-10,25,12,Active
164,Jaxon Coleman,jaxon.coleman@foodservices.com,SecurePass123!,48000.00,Line Cook,2022-01-15,25,12,Active
165,Autumn Jenkins,autumn.jenkins@foodservices.com,SecurePass123!,45000.00,Prep Cook,2022-08-01,25,12,Active
166,Maverick Perry,maverick.perry@foodservices.com,SecurePass123!,55000.00,Restaurant Supervisor,2021-03-20,26,12,Active
167,Kinsley Powell,kinsley.powell@foodservices.com,SecurePass123!,42000.00,Server,2022-06-15,26,12,Active
168,Sawyer Long,sawyer.long@transportsys.com,SecurePass123!,62000.00,Logistics Coordinator,2021-02-15,27,13,Active
169,Piper Barnes,piper.barnes@transportsys.com,SecurePass123!,68000.00,Transportation Planner,2020-10-20,27,13,Active
170,Finn Ross,finn.ross@transportsys.com,SecurePass123!,65000.00,Supply Chain Specialist,2021-07-10,27,13,Active
171,Willow Henderson,willow.henderson@transportsys.com,SecurePass123!,58000.00,Fleet Coordinator,2022-01-25,28,13,Active
172,Rowan Coleman,rowan.coleman@transportsys.com,SecurePass123!,60000.00,Dispatcher,2021-11-15,28,13,Active
173,River Jenkins,river.jenkins@biotechinno.com,SecurePass123!,95000.00,Research Scientist,2020-04-15,29,14,Active
174,Sage Perry,sage.perry@biotechinno.com,SecurePass123!,88000.00,Biomedical Engineer,2020-11-20,29,14,Active
175,Oakley Powell,oakley.powell@biotechinno.com,SecurePass123!,92000.00,Lab Manager,2020-08-10,29,14,Active
176,Phoenix Long,phoenix.long@biotechinno.com,SecurePass123!,78000.00,Clinical Research Coordinator,2021-06-15,30,14,Active
177,Aspen Barnes,aspen.barnes@biotechinno.com,SecurePass123!,82000.00,Data Analyst,2021-09-20,30,14,Active
178,Jasper Ross,jasper.ross@inspartners.com,SecurePass123!,75000.00,Underwriter,2021-01-10,31,15,Active
179,Iris Henderson,iris.henderson@inspartners.com,SecurePass123!,72000.00,Risk Analyst,2021-05-15,31,15,Active
180,Beckett Coleman,beckett.coleman@inspartners.com,SecurePass123!,78000.00,Senior Underwriter,2020-09-20,31,15,Active
181,Magnolia Jenkins,magnolia.jenkins@inspartners.com,SecurePass123!,68000.00,Claims Adjuster,2021-11-15,32,15,Active
182,Knox Perry,knox.perry@inspartners.com,SecurePass123!,70000.00,Claims Specialist,2022-02-10,32,15,Active
183,Emma Watson,emma.watson@techvision.com,SecurePass123!,88000.00,Full Stack Developer,2025-11-10,1,1,Active
184,James Wilson,james.wilson@techvision.com,SecurePass123!,75000.00,QA Engineer,2025-11-15,1,1,Active
185,Olivia Brown,olivia.brown@globalfinance.com,SecurePass123!,92000.00,Senior Accountant,2025-11-20,5,2,Active
186,Michael Davis,michael.davis@healthcare.com,SecurePass123!,85000.00,Registered Nurse,2025-11-25,7,3,Active
187,Sophia Martinez,sophia.martinez@edutech.com,SecurePass123!,70000.00,Content Developer,2025-12-01,9,4,Active
188,Daniel Taylor,daniel.taylor@greenenergy.com,SecurePass123!,80000.00,Energy Analyst,2025-12-05,11,5,Active
189,Robert Anderson,robert.anderson@techvision.com,SecurePass123!,82000.00,Mobile Developer,2025-12-03,1,1,Active